code_departement,departement,diabete_traite_standardise_2023_pct,pauvrete_2023_pct,ame_c2s_accouchees_2024_pct,entretien_prenatal_precoce_2024_pct,prematurite_2024_pct,hpv_filles_2_doses_16_ans_2025_pct,depistage_sein_2024_2025_pct,depistage_colorectal_cible_standardise_2024_2025_pct
01,Ain,4.70457,12.2,8.803,63.242,5.821,51.0,51.1488519320841,33.8466513763292
02,Aisne,6.71818,19.4,22.745,53.397,7.424,53.6,49.2516653721713,27.2136515924422
03,Allier,5.50465,16.4,19.83,72.996,7.177,56.5,46.3927734091368,31.6686600216177
04,Alpes-de-Haute-Provence,4.318,18.6,13.909,80.065,4.147,39.1,40.2031514184077,30.0688849284605
05,Hautes-Alpes,3.56765,14.3,8.959,74.455,4.418,50.1,56.1614584216534,35.879862001515
06,Alpes-Maritimes,4.73752,17.7,14.96,65.944,5.901,40.5,33.5798858849447,25.805387973288
07,Ardèche,4.4181,15.6,10.866,80.131,6.491,51.8,49.4276985635876,31.5184337968188
08,Ardennes,6.26095,19.9,20.672,59.119,6.478,59.5,46.5627444489821,27.3763044039426
09,Ariège,4.47627,20.0,17.146,64.0,5.253,48.0,47.4443580892028,28.5320853671804
10,Aube,5.85511,18.1,19.492,72.298,6.886,54.4,47.8046159583527,31.1549240288775
11,Aude,5.28344,21.2,22.629,63.336,5.814,46.4,43.7296653090549,26.343586668299
12,Aveyron,4.0786,14.5,9.973,76.326,5.895,58.8,50.8460525070904,30.0973425693302
13,Bouches-du-Rhône,5.64766,20.3,20.789,66.827,6.128,42.8,28.3548537110886,27.2622572126675
14,Calvados,4.70756,13.5,12.409,71.488,5.877,58.5,54.1599391230443,32.0860137810303
15,Cantal,4.49117,13.7,11.472,67.427,6.738,64.2,49.4466281477808,31.6391429862968
16,Charente,4.89641,15.4,18.613,58.981,7.468,53.2,44.3022097700083,30.6609838824685
17,Charente-Maritime,4.45763,13.1,12.097,72.471,6.304,61.7,44.2013856126236,31.3128262146429
18,Cher,5.64181,15.9,19.111,39.426,7.252,52.8,50.721751894816,29.7022566814406
19,Corrèze,4.93504,14.4,11.455,74.455,5.926,52.2,48.0291790660853,28.5000439199458
21,Côte-d'Or,4.98025,13.0,13.284,70.281,7.247,58.1,54.8758860888989,35.7672295258261
22,Côtes-d'Armor,3.6629,12.2,9.636,70.446,5.948,62.3,51.8624479019023,31.9981186221921
23,Creuse,5.53943,19.5,17.938,63.404,7.518,50.3,47.6363375012545,28.0130114709126
24,Dordogne,4.7871,17.1,16.507,73.694,6.217,48.1,50.1995080810294,28.6887769491327
25,Doubs,5.10437,13.4,15.198,68.509,5.509,54.2,53.6435046437299,36.6883688288588
26,Drôme,4.83649,16.0,11.09,78.914,5.171,48.2,54.4928260711775,34.6903779194459
27,Eure,5.48914,13.8,14.009,62.262,7.247,59.0,48.5673380728612,31.8286612881128
28,Eure-et-Loir,5.7029,13.3,14.682,54.589,5.955,49.7,48.3655978731397,28.6299906763413
29,Finistère,3.52726,11.4,10.289,80.677,5.975,67.3,53.032891832086,32.814347281414
2A,Corse-du-Sud,4.52578,17.9,5.413,54.334,6.714,44.2,,
2B,Haute-Corse,4.70789,21.8,8.636,78.599,7.508,41.6,,
30,Gard,5.07531,21.0,20.415,67.263,7.629,46.7,51.211423365898,28.7577552067387
31,Haute-Garonne,4.46771,15.9,16.835,64.11,6.422,56.4,37.3023124024232,30.4053684024152
32,Gers,4.27605,15.6,12.327,69.884,5.297,57.7,52.7261775466997,31.275913388168
33,Gironde,4.62226,14.2,12.759,67.748,5.736,58.6,49.4485617199975,31.1873165712822
34,Hérault,4.80092,21.0,18.972,75.843,6.862,48.6,43.1214396807273,29.3595745355161
35,Ille-et-Vilaine,3.4948,11.7,12.465,72.338,5.793,66.8,52.5917815599207,38.9799092807801
36,Indre,5.5067,15.8,19.868,52.171,5.069,50.7,46.9884933903472,28.1017428344978
37,Indre-et-Loire,4.75219,14.1,16.088,67.782,5.804,58.2,55.3381918036083,32.4476856588317
38,Isère,4.90086,13.0,12.259,67.856,6.188,53.4,52.4229763380785,38.4236166312239
39,Jura,4.85817,12.3,9.115,64.301,5.698,55.5,52.3062521160865,37.5746263456321
40,Landes,4.61868,12.1,10.605,78.602,6.242,58.3,55.7100792418082,34.7228826149555
41,Loir-et-Cher,5.49934,14.0,15.036,48.134,6.424,53.7,48.0758974170042,33.038513956759
42,Loire,5.13925,16.8,18.256,55.018,6.449,49.5,55.2752442806239,32.0046873452452
43,Haute-Loire,4.63959,12.4,8.743,72.422,5.357,56.6,56.8656913105348,32.0229665219658
44,Loire-Atlantique,3.91177,11.5,12.6,69.015,5.753,63.6,50.530825157443,35.6831761665414
45,Loiret,5.69664,15.0,17.096,57.821,6.007,50.4,47.169525978255,31.3033631576737
46,Lot,4.23494,15.8,13.632,69.914,5.503,51.3,45.8577466969566,30.2429750765975
47,Lot-et-Garonne,4.78739,18.5,16.851,67.903,5.889,46.1,50.632713611547,28.7233529451406
48,Lozère,3.89236,15.3,9.697,63.489,5.634,61.2,51.6671530747164,28.4352166021223
49,Maine-et-Loire,4.35478,11.8,12.865,68.442,6.434,64.8,53.2112082984139,36.5145551852225
50,Manche,4.39379,12.0,9.365,61.312,6.623,59.2,57.6194233924578,34.6065531509507
51,Marne,5.99884,15.8,17.912,70.517,8.036,62.0,54.6701998372527,30.5943937301472
52,Haute-Marne,5.63309,16.0,16.871,43.057,10.381,56.1,47.3695049745737,32.4953282157328
53,Mayenne,3.99185,11.6,11.346,56.187,5.34,62.1,43.0290529557985,35.6176731685623
54,Meurthe-et-Moselle,5.59405,16.1,16.267,63.773,8.759,59.0,49.188982678307,32.4756896400573
55,Meuse,5.5786,15.0,13.522,72.231,7.076,52.4,44.8079480177312,31.9498957769418
56,Morbihan,3.61923,11.3,9.687,71.607,5.721,64.2,51.893799986712,34.3038846390384
57,Moselle,5.98045,16.6,14.929,61.067,7.047,48.7,41.7801057532726,29.3505813860571
58,Nièvre,5.97767,17.3,19.461,50.45,6.287,49.7,48.7223981262173,28.6114081755966
59,Nord,6.35191,20.7,23.553,69.079,6.406,52.8,49.2711813282125,25.3795072924712
60,Oise,6.14475,14.5,16.283,56.608,6.81,51.6,47.3197648719185,26.5583796408748
61,Orne,4.95881,16.3,16.432,56.1,7.603,50.3,55.6809655891823,30.814298677012
62,Pas-de-Calais,6.62015,19.1,20.195,56.628,6.723,63.6,49.1735262896897,27.9515579216058
63,Puy-de-Dôme,4.93937,14.8,16.098,68.63,6.196,61.3,51.9597379997109,31.5001765550273
64,Pyrénées-Atlantiques,3.97995,13.3,9.837,77.138,5.703,56.7,50.7227332650149,32.4077648990457
65,Hautes-Pyrénées,4.41007,16.6,16.777,69.933,5.168,53.4,50.6083949953527,32.3855848066676
66,Pyrénées-Orientales,5.03594,22.4,28.063,75.347,5.976,40.6,41.5402496342497,30.7904469919292
67,Bas-Rhin,5.79297,15.0,13.98,70.219,6.742,50.4,56.7258967076744,34.260919066568
68,Haut-Rhin,5.64803,14.1,13.693,61.27,6.926,45.8,50.1339162693112,35.8768138613905
69,Rhône,5.17247,16.3,15.91,64.25,6.56,48.1,47.5688471003187,31.6154148365365
70,Haute-Saône,5.5667,13.8,13.69,79.74,6.742,57.6,50.6963799039248,33.7181752315775
71,Saône-et-Loire,5.32563,14.1,15.417,55.166,6.535,54.0,52.1014156224309,33.7509620535857
72,Sarthe,5.10737,14.1,17.474,66.363,6.495,57.8,52.1595745201601,34.429107986347
73,Savoie,3.97551,11.1,10.413,76.885,5.642,56.8,54.0928912182332,39.0986439139708
74,Haute-Savoie,3.93769,10.2,8.527,74.899,5.439,50.2,53.0876169241596,39.9101186854006
75,Paris,4.63579,16.8,16.32,56.671,5.847,44.2,27.1862496674366,27.0709041224972
76,Seine-Maritime,5.61507,16.6,20.545,58.575,6.781,63.5,55.285786539223,33.5361848803378
77,Seine-et-Marne,6.11554,13.6,15.17,47.735,7.339,44.7,42.6202093764293,29.9430009956018
78,Yvelines,4.84136,11.6,11.766,56.131,6.491,47.5,36.0745508764785,29.5178636558287
79,Deux-Sèvres,4.86625,12.7,14.988,69.209,6.634,61.2,45.2620565208908,34.5798794096604
80,Somme,6.46984,17.3,19.96,56.712,7.418,61.6,52.5881990167536,26.9846781194929
81,Tarn,4.30233,16.4,17.21,77.954,5.937,52.5,45.7201286239715,30.1260556297306
82,Tarn-et-Garonne,4.90609,17.0,16.613,59.365,6.618,50.3,54.4925622786439,31.3957014314087
83,Var,4.56894,16.8,16.683,67.602,6.376,44.9,35.3893817134742,27.5376010348012
84,Vaucluse,5.37137,21.4,17.447,66.321,6.641,38.0,38.3515488384779,29.6054683514282
85,Vendée,4.40931,9.2,7.101,78.497,7.456,64.8,51.7883774248324,36.7387109256048
86,Vienne,4.88956,15.5,21.095,63.216,6.854,58.2,48.7479194410406,30.84157772602
87,Haute-Vienne,5.25849,17.1,23.902,57.851,8.062,60.4,52.3955960697523,31.7929608002802
88,Vosges,5.18359,15.8,16.857,62.686,7.634,54.4,47.6231704160036,36.1141640809768
89,Yonne,5.80082,16.0,16.332,44.825,6.619,47.8,49.0138546912594,31.3508252114841
90,Territoire de Belfort,5.53866,17.1,18.35,61.069,5.481,45.4,51.6631642946098,34.5824059564386
91,Essonne,5.64543,15.4,18.156,43.404,7.234,42.1,36.9110056913489,30.1775313323829
92,Hauts-de-Seine,4.80921,13.5,9.586,56.919,6.109,49.2,30.5523442056817,27.4850317609111
93,Seine-Saint-Denis,8.21087,29.5,27.259,33.512,7.096,24.6,35.3732728388539,23.5138369579728
94,Val-de-Marne,5.74497,18.4,18.752,56.307,6.903,41.8,35.2012350976244,28.6676441867438
95,Val-d'Oise,6.87828,19.4,18.365,43.422,7.164,34.2,36.5145765047296,26.8982554951872
